"live_url","new_path","type","title","has_description","blocks"
"https://elad-digital.co.il/","/","page","ליווי וייעוץ עסקי עושים עם אלעד שורתי | שיווק דיגיטל ואינטרנט","yes","32"
"https://elad-digital.co.il/%d7%a4%d7%a8%d7%a1%d7%95%d7%9d-%d7%91%d7%a4%d7%99%d7%99%d7%a1%d7%91%d7%95%d7%a7/","/פרסום-בפייסבוק/","page","פרסום בפייסבוק - איך להביא יותר לקוחות ולהגדיל מכירות לעסק | אלעד שורתי","yes","37"
"https://elad-digital.co.il/%d7%a4%d7%a8%d7%a1%d7%95%d7%9d-%d7%91%d7%9c%d7%99%d7%a0%d7%a7%d7%93%d7%90%d7%99%d7%9f-%d7%9c%d7%a2%d7%a1%d7%a7%d7%99%d7%9d/","/פרסום-בלינקדאין-לעסקים/","page","פרסום בלינקדאין לעסקים - איך לבנות סמכות ולהביא לקוחות איכותיים | אלעד שורתי","yes","31"
"https://elad-digital.co.il/%d7%99%d7%99%d7%a2%d7%95%d7%a5-%d7%a2%d7%a1%d7%a7%d7%99-%d7%9c%d7%9e%d7%90%d7%9e%d7%a0%d7%99-%d7%9b%d7%95%d7%a9%d7%a8/","/ייעוץ-עסקי-למאמני-כושר/","page","ייעוץ עסקי למאמני כושר | המדריך המלא מאת אלעד שורתי","yes","19"
"https://elad-digital.co.il/%d7%99%d7%99%d7%a2%d7%95%d7%a5-%d7%a2%d7%a1%d7%a7%d7%99-%d7%9c%d7%a7%d7%91%d7%9c%d7%a0%d7%99%d7%9d/","/ייעוץ-עסקי-לקבלנים/","page","ייעוץ עסקי לקבלנים | ייעוץ עסקי שמביא תוצאות עם אלעד שורתי","yes","14"
"https://elad-digital.co.il/%d7%91%d7%a0%d7%99%d7%99%d7%aa-%d7%90%d7%a1%d7%98%d7%a8%d7%98%d7%92%d7%99%d7%94-%d7%a2%d7%a1%d7%a7%d7%99%d7%aa/","/בניית-אסטרטגיה-עסקית/","page","בניית אסטרטגיה עסקית | תכנון אסטרטגיה לכל סוגי העסקים | אלעד שורתי","yes","21"
"https://elad-digital.co.il/%d7%a9%d7%99%d7%95%d7%95%d7%a7-%d7%9e%d7%9e%d7%95%d7%9e%d7%9f/","/שיווק-ממומן/","page","שיווק ממומן | שיטות שיווק וקידום ממומן לשנת 2026","yes","25"
"https://elad-digital.co.il/%d7%99%d7%99%d7%a2%d7%95%d7%a5-%d7%a2%d7%a1%d7%a7%d7%99-%d7%9c%d7%9e%d7%a2%d7%a6%d7%91%d7%99%d7%9d/","/ייעוץ-עסקי-למעצבים/","page","ייעוץ עסקי למעצבים - ליווי מקצועי לבניית עסק יציב ורווחי","yes","24"
"https://elad-digital.co.il/%d7%a7%d7%95%d7%a8%d7%a1-%d7%9e%d7%9b%d7%99%d7%a8%d7%95%d7%aa/","/קורס-מכירות/","page","קורס מכירות | הכשרת אנשי מכירות | אלעד שורתי","yes","18"
"https://elad-digital.co.il/%d7%91%d7%a0%d7%99%d7%99%d7%aa-%d7%90%d7%a1%d7%98%d7%a8%d7%98%d7%92%d7%99%d7%94-%d7%a9%d7%99%d7%95%d7%95%d7%a7%d7%99%d7%aa/","/בניית-אסטרטגיה-שיווקית/","page","אסטרטגיה שיווקית | בניית אסטרטגיה שיווקית | אלעד שורתי","yes","21"
"https://elad-digital.co.il/%d7%9e%d7%99%d7%aa%d7%95%d7%92-%d7%90%d7%a4%d7%a7%d7%98%d7%99%d7%91%d7%99-%d7%9c%d7%a2%d7%a1%d7%a7%d7%99%d7%9d-%d7%a7%d7%98%d7%a0%d7%99%d7%9d/","/מיתוג-אפקטיבי-לעסקים-קטנים/","page","מיתוג אפקטיבי לעסקים קטנים: המדריך המלא מאת אלעד שורתי","yes","24"
"https://elad-digital.co.il/%d7%a4%d7%99%d7%aa%d7%95%d7%97-%d7%a2%d7%a1%d7%a7%d7%99/","/פיתוח-עסקי/","page","ייעוץ ופיתוח עסקי | עקרונות מובילים בפיתוח עסקי | אלעד שורתי","yes","18"
"https://elad-digital.co.il/%d7%99%d7%99%d7%a2%d7%95%d7%a5-%d7%a2%d7%a1%d7%a7%d7%99-%d7%9c%d7%9e%d7%98%d7%a4%d7%9c%d7%99%d7%9d/","/ייעוץ-עסקי-למטפלים/","page","ייעוץ עסקי למטפלים - ליווי מקצועי לקליניקה יציבה ובריאה","yes","19"
"https://elad-digital.co.il/%d7%99%d7%99%d7%a2%d7%95%d7%a5-%d7%a2%d7%a1%d7%a7%d7%99-%d7%9c%d7%99%d7%96%d7%9e%d7%99%d7%9d/","/ייעוץ-עסקי-ליזמים/","page","ייעוץ עסקי ליזמים - ליווי מקצועי לצמיחה חכמה ובטוחה","yes","24"
"https://elad-digital.co.il/%d7%99%d7%99%d7%a2%d7%95%d7%a5-%d7%a2%d7%a1%d7%a7%d7%99-%d7%9c%d7%a7%d7%99%d7%99%d7%98%d7%a8%d7%99%d7%a0%d7%92/","/ייעוץ-עסקי-לקייטרינג/","page","ייעוץ עסקי לקייטרינג | ליווי מקצועי לבעלי קייטרינג עם אלעד שורתי","yes","27"
"https://elad-digital.co.il/%d7%90%d7%95%d7%93%d7%95%d7%aa/","/אודות/","page","אודות אלעד שורתי","yes","9"
"https://elad-digital.co.il/%d7%99%d7%99%d7%a2%d7%95%d7%a5-%d7%a2%d7%a1%d7%a7%d7%99-%d7%9c%d7%a8%d7%95%d7%a4%d7%90%d7%99%d7%9d/","/ייעוץ-עסקי-לרופאים/","page","ייעוץ עסקי לרופאים | מה זה ולמה כדאי? | אלעד שורתי","yes","28"
"https://elad-digital.co.il/%d7%aa%d7%a0%d7%90%d7%99-%d7%a9%d7%99%d7%9e%d7%95%d7%a9/","/תנאי-שימוש/","page","תנאי שימוש | אלעד שורתי","yes","53"
"https://elad-digital.co.il/%d7%a9%d7%99%d7%95%d7%95%d7%a7-%d7%91%d7%90%d7%99%d7%a0%d7%a1%d7%98%d7%92%d7%a8%d7%9d/","/שיווק-באינסטגרם/","page","שיווק באינסטגרם | תעשו את הדברים האלה ואתם בדרך המלך | 2026","yes","24"
"https://elad-digital.co.il/%d7%99%d7%99%d7%a2%d7%95%d7%a5-%d7%a2%d7%a1%d7%a7%d7%99-%d7%9c%d7%9e%d7%a1%d7%a2%d7%93%d7%95%d7%aa/","/ייעוץ-עסקי-למסעדות/","page","ייעוץ עסקי למסעדות | איך בונים עסק בתחום ב 2026","yes","19"
"https://elad-digital.co.il/%d7%a1%d7%95%d7%9b%d7%a0%d7%99-ai/","/סוכני-ai/","page","סוכני AI : הכל על סוכני בינה מלאכותית מאת אלעד שורתי","yes","43"
"https://elad-digital.co.il/%d7%91%d7%a0%d7%99%d7%99%d7%aa-%d7%aa%d7%9b%d7%a0%d7%99%d7%aa-%d7%a2%d7%a1%d7%a7%d7%99%d7%aa/","/בניית-תכנית-עסקית/","page","בניית תכנית עסקית | איך לבנות תכנית עסקית מנצחת ב 2026","yes","22"
"https://elad-digital.co.il/%d7%99%d7%99%d7%a2%d7%95%d7%a5-%d7%a2%d7%a1%d7%a7%d7%99-%d7%9c%d7%99%d7%95%d7%a2%d7%a6%d7%99-%d7%9e%d7%a9%d7%9b%d7%a0%d7%aa%d7%90%d7%95%d7%aa/","/ייעוץ-עסקי-ליועצי-משכנתאות/","page","ייעוץ עסקי ליועצי משכנתאות | איך בונים עסק בתחום הזה ב 2026","yes","18"
"https://elad-digital.co.il/%d7%9c%d7%99%d7%93%d7%99%d7%9d-%d7%9c%d7%a2%d7%a1%d7%a7/","/לידים-לעסק/","page","לידים לעסק ב 2026 - איך להביא לידים לעסק?","yes","25"
"https://elad-digital.co.il/%d7%99%d7%99%d7%a2%d7%95%d7%a5-%d7%a2%d7%a1%d7%a7%d7%99-%d7%9c%d7%97%d7%91%d7%a8%d7%aa-%d7%a0%d7%99%d7%a7%d7%99%d7%95%d7%9f/","/ייעוץ-עסקי-לחברת-ניקיון/","page","ייעוץ עסקי לחברת ניקיון | דיגיטל, שיווק ותהליכים","yes","20"
"https://elad-digital.co.il/%d7%99%d7%99%d7%a2%d7%95%d7%a5-%d7%a2%d7%a1%d7%a7%d7%99-%d7%9c%d7%a7%d7%91%d7%9c%d7%9f-%d7%a9%d7%99%d7%a4%d7%95%d7%a6%d7%99%d7%9d/","/ייעוץ-עסקי-לקבלן-שיפוצים/","page","ייעוץ עסקי לקבלן שיפוצים | אלעד שורתי – דיגיטל, שיווק ותהליכים","yes","22"
"https://elad-digital.co.il/%d7%99%d7%99%d7%a2%d7%95%d7%a5-%d7%a2%d7%a1%d7%a7%d7%99-%d7%9c%d7%97%d7%a0%d7%95%d7%99%d7%95%d7%aa-%d7%91%d7%92%d7%93%d7%99%d7%9d/","/ייעוץ-עסקי-לחנויות-בגדים/","page","ייעוץ עסקי לחנויות בגדים | אלעד שורתי – דיגיטל, שיווק ותהליכים","yes","22"
"https://elad-digital.co.il/%d7%a9%d7%99%d7%95%d7%95%d7%a7-%d7%9e%d7%9e%d7%95%d7%9e%d7%9f-%d7%91%d7%a4%d7%99%d7%99%d7%a1%d7%91%d7%95%d7%a7/","/שיווק-ממומן-בפייסבוק/","page","שיווק ממומן בפייסבוק 2026: אסטרטגיות AI וקריאייטיב מנצח","yes","19"
"https://elad-digital.co.il/%d7%99%d7%99%d7%a2%d7%95%d7%a5-%d7%a2%d7%a1%d7%a7%d7%99-%d7%9c%d7%a2%d7%95%d7%a8%d7%9b%d7%99-%d7%93%d7%99%d7%9f/","/ייעוץ-עסקי-לעורכי-דין/","page","ייעוץ עסקי לעורכי דין | להגדיל הכנסות מהמשרד ללא שעות נוספות?","yes","29"
"https://elad-digital.co.il/%d7%99%d7%99%d7%a2%d7%95%d7%a5-%d7%a2%d7%a1%d7%a7%d7%99-%d7%9c%d7%a4%d7%aa%d7%99%d7%97%d7%aa-%d7%a2%d7%a1%d7%a7/","/ייעוץ-עסקי-לפתיחת-עסק/","page","ייעוץ עסקי למכללות - ייעוץ וליווי עסקי למכללות עם אלע שורתי","yes","26"
"https://elad-digital.co.il/%d7%99%d7%99%d7%a2%d7%95%d7%a5-%d7%9c%d7%a2%d7%a1%d7%a7%d7%99%d7%9d-%d7%a7%d7%98%d7%a0%d7%99%d7%9d/","/ייעוץ-לעסקים-קטנים/","page","ייעוץ עסקי לעסקים קטנים | בניית אסטרטגיה לעסקים קטנים | אלעד שורתי","yes","17"
"https://elad-digital.co.il/%d7%99%d7%99%d7%a2%d7%95%d7%a5-%d7%a2%d7%a1%d7%a7%d7%99-%d7%9c%d7%9e%d7%9b%d7%9c%d7%9c%d7%95%d7%aa/","/ייעוץ-עסקי-למכללות/","page","ייעוץ עסקי למכללות - ייעוץ וליווי עסקי למכללות עם אלע שורתי","yes","21"
"https://elad-digital.co.il/%d7%a4%d7%a8%d7%95%d7%99%d7%99%d7%a7%d7%98%d7%99%d7%9d/","/פרוייקטים/","page","פרוייקטים - אלעד- יועץ ופיתוח עסקי","yes","9"
"https://elad-digital.co.il/%d7%a6%d7%a8%d7%95-%d7%a7%d7%a9%d7%a8/","/צרו-קשר/","page","צרו קשר","yes","7"
"https://elad-digital.co.il/%d7%aa%d7%99%d7%95%d7%95%d7%9a-%d7%a2%d7%a1%d7%a7%d7%99%d7%9d/","/תיווך-עסקים/","page","הכל על תיווך עסקים - קנייה ומכירת עסקים","yes","23"
"https://elad-digital.co.il/%d7%99%d7%99%d7%a2%d7%95%d7%a5-%d7%a2%d7%a1%d7%a7%d7%99-%d7%9c%d7%90%d7%93%d7%a8%d7%99%d7%9b%d7%9c%d7%99%d7%9d/","/ייעוץ-עסקי-לאדריכלים/","page","ייעוץ עסקי לאדריכלים | להפוך מאדריכל מעולה לבעל עסק מצליח","yes","21"
"https://elad-digital.co.il/%d7%a1%d7%95%d7%92%d7%99-%d7%90%d7%a1%d7%98%d7%a8%d7%98%d7%92%d7%99%d7%95%d7%aa-%d7%a9%d7%99%d7%95%d7%95%d7%a7%d7%99%d7%95%d7%aa/","/סוגי-אסטרטגיות-שיווקיות/","page","5 סוגי אסטרטגיות שיווקיות | אסטרטגיות שיווק שאתם חייבים להכיר","yes","20"
"https://elad-digital.co.il/%d7%99%d7%99%d7%a2%d7%95%d7%a5-%d7%a2%d7%a1%d7%a7%d7%99-%d7%9c%d7%a7%d7%95%d7%a1%d7%9e%d7%98%d7%99%d7%a7%d7%90%d7%99%d7%95%d7%aa/","/ייעוץ-עסקי-לקוסמטיקאיות/","page","ייעוץ עסקי לקוסמטיקאיות - המדריך המלא להצלחה בתחום הביוטי","yes","30"
"https://elad-digital.co.il/%d7%99%d7%99%d7%a2%d7%95%d7%a5-%d7%a2%d7%a1%d7%a7%d7%99-%d7%9c%d7%a1%d7%98%d7%90%d7%a8%d7%98%d7%90%d7%a4%d7%99%d7%9d/","/ייעוץ-עסקי-לסטארטאפים/","page","ייעוץ עסקי לסטארטאפים | שלבים הכרחיים להצלחה מאת אלעד שורתי","yes","15"
"https://elad-digital.co.il/%d7%90%d7%95%d7%93%d7%95%d7%aa-2/","/אודות-2/","page","ייעוץ אסטרטגי | מה זה ולמי זה מתאים? | אלעד שורתי","yes","18"
"https://elad-digital.co.il/%d7%9e%d7%a0%d7%98%d7%95%d7%a8-%d7%a2%d7%a1%d7%a7%d7%99/","/מנטור-עסקי/","page","מנטור עסקי | למה הוא כל כך חשוב לעסק? | אלעד שורתי","yes","16"
"https://elad-digital.co.il/%d7%99%d7%99%d7%a2%d7%95%d7%a5-%d7%a2%d7%a1%d7%a7%d7%99-%d7%9c%d7%97%d7%a0%d7%95%d7%99%d7%95%d7%aa-%d7%a8%d7%94%d7%99%d7%98%d7%99%d7%9d/","/ייעוץ-עסקי-לחנויות-רהיטים/","page","ייעוץ עסקי לחנויות רהיטים | המדריך המלא מאת אלעד שורתי","yes","21"
"https://elad-digital.co.il/%d7%99%d7%99%d7%a2%d7%95%d7%a5-%d7%a2%d7%a1%d7%a7%d7%99-%d7%9c%d7%a1%d7%95%d7%9b%d7%a0%d7%99-%d7%91%d7%99%d7%98%d7%95%d7%97/","/ייעוץ-עסקי-לסוכני-ביטוח/","page","ייעוץ עסקי לסוכני ביטוח | למה לשים לב וממה להזהר?","yes","29"
"https://elad-digital.co.il/%d7%99%d7%99%d7%a2%d7%95%d7%a5-%d7%a2%d7%a1%d7%a7%d7%99-%d7%9c%d7%99%d7%99%d7%91%d7%95%d7%90%d7%a0%d7%99%d7%9d/","/ייעוץ-עסקי-לייבואנים/","page","ייעוץ עסקי לייבואנים | להוריד גז מהמקצועי ולתת גז בעסקי","yes","16"
"https://elad-digital.co.il/qa/","/qa/","page","שאלות תשובות עיצוב חדש - אלעד- יועץ ופיתוח עסקי","yes","7"
"https://elad-digital.co.il/%d7%9e%d7%93%d7%99%d7%a0%d7%99%d7%95%d7%aa-%d7%a4%d7%a8%d7%98%d7%99%d7%95%d7%aa/","/מדיניות-פרטיות/","page","מדיניות פרטיות | אלעד שורתי","yes","25"
"https://elad-digital.co.il/%d7%94%d7%a6%d7%94%d7%a8%d7%aa-%d7%a0%d7%92%d7%99%d7%a9%d7%95%d7%aa/","/הצהרת-נגישות/","page","הצהרת נגישות | אלעד שורתי","yes","6"
"https://elad-digital.co.il/%d7%90%d7%99%d7%9e%d7%95%d7%9f-%d7%a2%d7%a1%d7%a7%d7%99/","/אימון-עסקי/","page","אימון עסקי | מה זה ומה כולל התהליך | אלעד שורתי","yes","15"
"https://elad-digital.co.il/%d7%91%d7%a0%d7%99%d7%99%d7%aa-%d7%90%d7%aa%d7%a8%d7%99%d7%9d/","/בניית-אתרים/","page","בניית אתרים | בנייה ועיצוב אתרים לעסקים","yes","18"
"https://elad-digital.co.il/%d7%99%d7%99%d7%a2%d7%95%d7%a5-%d7%a9%d7%99%d7%95%d7%95%d7%a7%d7%99-%d7%9e%d7%99-%d7%a6%d7%a8%d7%99%d7%9a-%d7%90%d7%aa-%d7%96%d7%94-%d7%95%d7%9e%d7%aa%d7%99/","/ייעוץ-שיווקי-מי-צריך-את-זה-ומתי/","page","אימון עסקי | מה זה ומה כולל התהליך | אלעד שורתי","yes","16"
"https://elad-digital.co.il/info-articles/","/info-articles/","post","מידע מקצועי וטיפים לשיווק והצלחה עסקית - אלעד- יועץ ופיתוח עסקי","NO","4"
"https://elad-digital.co.il/%d7%a8%d7%95%d7%95%d7%97-%d7%aa%d7%a4%d7%a2%d7%95%d7%9c%d7%99/","/רווח-תפעולי/","post","רווח תפעולי - מה זה ואיך מחשבים אותו נכון","yes","34"
"https://elad-digital.co.il/%d7%98%d7%a2%d7%95%d7%99%d7%95%d7%aa-%d7%a0%d7%a4%d7%95%d7%a6%d7%95%d7%aa-%d7%91%d7%a0%d7%99%d7%94%d7%95%d7%9c-%d7%aa%d7%a7%d7%a6%d7%99%d7%91/","/טעויות-נפוצות-בניהול-תקציב/","post","5 טעויות נפוצות בניהול תקציב בעסק| מדריך למניעת כשלים","yes","27"
"https://elad-digital.co.il/%d7%9e%d7%97%d7%96%d7%95%d7%a8-%d7%a2%d7%a1%d7%a7%d7%99/","/מחזור-עסקי/","post","איך הבנתי את המחזור העסקי הקשה ביותר - והפכתי אותו להזדמנות","yes","22"
"https://elad-digital.co.il/volume_up/","/volume_up/","post","כיצד ייעוץ עסקי מותאם אישית יכול לעזור לעסק שלך לשגשג בעידן הדיגיטלי - אלעד- יועץ ופיתוח עסקי","yes","24"
"https://elad-digital.co.il/%d7%9e%d7%93%d7%95%d7%a2-%d7%91%d7%a0%d7%99%d7%99%d7%aa-%d7%90%d7%a1%d7%98%d7%a8%d7%98%d7%92%d7%99%d7%94-%d7%a9%d7%99%d7%95%d7%95%d7%a7%d7%99%d7%aa-%d7%94%d7%9b%d7%a8%d7%97%d7%99%d7%aa-%d7%9c%d7%a2/","/מדוע-בניית-אסטרטגיה-שיווקית-הכרחית-לע/","post","מדוע בניית אסטרטגיה שיווקית הכרחית לעסק - אלעד- יועץ ופיתוח עסקי","yes","9"
"https://elad-digital.co.il/%d7%9c%d7%9e%d7%94-%d7%97%d7%a9%d7%95%d7%91-%d7%90%d7%aa%d7%a8-%d7%90%d7%99%d7%a0%d7%98%d7%a8%d7%a0%d7%98-%d7%9c%d7%a2%d7%a1%d7%a7/","/למה-חשוב-אתר-אינטרנט-לעסק/","post","למה חשוב אתר אינטרנט לעסק - אלעד- יועץ ופיתוח עסקי","yes","28"
"https://elad-digital.co.il/%d7%a2%d7%95%d7%9c%d7%9d-%d7%94%d7%a9%d7%99%d7%95%d7%95%d7%a7-%d7%91%d7%a2%d7%99%d7%93%d7%9f-%d7%94%d7%91%d7%99%d7%a0%d7%94-%d7%94%d7%9e%d7%9c%d7%90%d7%9b%d7%95%d7%aa%d7%99%d7%aa-%d7%9b%d7%9c-%d7%9e/","/עולם-השיווק-בעידן-הבינה-המלאכותית-כל-מ/","post","עולם השיווק בעידן הבינה המלאכותית- כל מה שצריך לדעת - אלעד- יועץ ופיתוח עסקי","yes","14"
"https://elad-digital.co.il/%d7%a4%d7%99%d7%aa%d7%95%d7%97-%d7%a9%d7%a8%d7%99%d7%a8-%d7%94%d7%9e%d7%9b%d7%99%d7%a8%d7%95%d7%aa-%d7%94%d7%92%d7%99%d7%a9%d7%94-%d7%94%d7%9e%d7%94%d7%a4%d7%9b%d7%a0%d7%99%d7%aa-%d7%9c%d7%94%d7%a6/","/פיתוח-שריר-המכירות-הגישה-המהפכנית-להצ/","post","פיתוח שריר המכירות: הגישה המהפכנית להצלחה עסקית וכיצד אנשי מקצוע יכולים להשתלב בעולם המכירות - אלעד- יועץ ופיתוח עסקי","yes","11"
"https://elad-digital.co.il/%d7%94%d7%93%d7%a8%d7%9a-%d7%9c%d7%94%d7%a4%d7%95%d7%9a-%d7%9c%d7%90%d7%99%d7%a9-%d7%9e%d7%9b%d7%99%d7%a8%d7%95%d7%aa-%d7%99%d7%95%d7%aa%d7%a8-%d7%98%d7%95%d7%91-10-%d7%98%d7%99%d7%a4%d7%99%d7%9d/","/הדרך-להפוך-לאיש-מכירות-יותר-טוב-10-טיפים/","post","הדרך להפוך לאיש מכירות יותר טוב: 10 טיפים להצלחה בתחום המכירות - אלעד- יועץ ופיתוח עסקי","yes","10"
"https://elad-digital.co.il/%d7%94%d7%9b%d7%95%d7%97-%d7%94%d7%9e%d7%95%d7%a1%d7%aa%d7%a8-%d7%a9%d7%9e%d7%90%d7%97%d7%95%d7%a8%d7%99-%d7%99%d7%a2%d7%95%d7%a5-%d7%a2%d7%a1%d7%a7%d7%99/","/הכוח-המוסתר-שמאחורי-יעוץ-עסקי/","post","הכוח המוסתר שמאחורי יעוץ עסקי - אלעד- יועץ ופיתוח עסקי","yes","12"
"https://elad-digital.co.il/category/blog/","/category/blog/","category","Blog - אלעד- יועץ ופיתוח עסקי","yes","4"
"https://elad-digital.co.il/category/%d7%91%d7%9c%d7%95%d7%92-%d7%a2%d7%a1%d7%a7%d7%99-%d7%9e%d7%a7%d7%a6%d7%95%d7%a2%d7%99/","/category/בלוג-עסקי-מקצועי/","category","בלוג עסקי - מקצועי - אלעד- יועץ ופיתוח עסקי","NO","4"